player,ipl_team,country
SC Ganguly,Kolkata Knight Riders,India
BB McCullum,Kolkata Knight Riders,New Zealand
RT Ponting,Kolkata Knight Riders,Australia
DJ Hussey,Kolkata Knight Riders,Australia
Mohammad Hafeez,Kolkata Knight Riders,Pakistan
R Dravid,Royal Challengers Bangalore,India
W Jaffer,Royal Challengers Bangalore,India
V Kohli,Royal Challengers Bangalore,India
JH Kallis,Royal Challengers Bangalore,South Africa
CL White,Royal Challengers Bangalore,Australia
MV Boucher,Royal Challengers Bangalore,South Africa
B Akhil,Royal Challengers Bangalore,India
AA Noffke,Royal Challengers Bangalore,Australia
P Kumar,Royal Challengers Bangalore,India
Z Khan,Royal Challengers Bangalore,India
SB Joshi,Royal Challengers Bangalore,India
PA Patel,Chennai Super Kings,India
ML Hayden,Chennai Super Kings,Australia
MEK Hussey,Chennai Super Kings,Australia
MS Dhoni,Chennai Super Kings,India
SK Raina,Chennai Super Kings,India
JDP Oram,Chennai Super Kings,New Zealand
S Badrinath,Chennai Super Kings,India
K Goel,Punjab Kings,India
JR Hopes,Punjab Kings,Australia
KC Sangakkara,Punjab Kings,Sri Lanka
Yuvraj Singh,Punjab Kings,India
SM Katich,Punjab Kings,Australia
IK Pathan,Punjab Kings,India
T Kohli,Rajasthan Royals,India
YK Pathan,Rajasthan Royals,India
SR Watson,Rajasthan Royals,Australia
M Kaif,Rajasthan Royals,India
DS Lehmann,Rajasthan Royals,Australia
RA Jadeja,Rajasthan Royals,India
M Rawat,Rajasthan Royals,India
D Salunkhe,Rajasthan Royals,India
SK Warne,Rajasthan Royals,Australia
SK Trivedi,Rajasthan Royals,India
G Gambhir,Delhi Capitals,India
V Sehwag,Delhi Capitals,India
S Dhawan,Delhi Capitals,India
L Ronchi,Mumbai Indians,Australia
L Ronchi,Mumbai Indians,New Zealand
ST Jayasuriya,Mumbai Indians,Sri Lanka
DJ Thornely,Mumbai Indians,India
RV Uthappa,Mumbai Indians,India
PR Shah,Mumbai Indians,India
AM Nayar,Mumbai Indians,India
SM Pollock,Mumbai Indians,South Africa
Harbhajan Singh,Mumbai Indians,India
S Chanderpaul,Royal Challengers Bangalore,West Indies
LRPL Taylor,Royal Challengers Bangalore,New Zealand
AC Gilchrist,Deccan Chargers,Australia
Y Venugopal Rao,Deccan Chargers,India
VVS Laxman,Deccan Chargers,India
A Symonds,Deccan Chargers,Australia
RG Sharma,Deccan Chargers,India
SB Styris,Deccan Chargers,New Zealand
AS Yadav,Deccan Chargers,India
SB Bangar,Deccan Chargers,India
WPUJC Vaas,Deccan Chargers,Sri Lanka
RP Singh,Deccan Chargers,India
WP Saha,Kolkata Knight Riders,India
LR Shukla,Kolkata Knight Riders,India
DPMD Jayawardene,Punjab Kings,Sri Lanka
S Sohal,Punjab Kings,India
B Lee,Punjab Kings,Australia
PP Chawla,Punjab Kings,India
WA Mota,Punjab Kings,India
Kamran Akmal,Rajasthan Royals,Pakistan
Shahid Afridi,Deccan Chargers,Pakistan
DJ Bravo,Mumbai Indians,West Indies
MA Khote,Mumbai Indians,India
A Nehra,Mumbai Indians,India
GC Smith,Rajasthan Royals,South Africa
Pankaj Singh,Rajasthan Royals,India
RR Sarwan,Punjab Kings,West Indies
S Sreesanth,Punjab Kings,India
VRV Singh,Punjab Kings,India
SS Tiwary,Mumbai Indians,India
DS Kulkarni,Mumbai Indians,India
R Vinay Kumar,Royal Challengers Bangalore,India
AB Agarkar,Kolkata Knight Riders,India
M Kartik,Kolkata Knight Riders,India
I Sharma,Kolkata Knight Riders,India
AM Rahane,Mumbai Indians,India
Shoaib Malik,Delhi Capitals,Pakistan
MK Tiwary,Delhi Capitals,India
KD Karthik,Delhi Capitals,India
R Bhatia,Delhi Capitals,India
MF Maharoof,Delhi Capitals,Sri Lanka
VY Mahesh,Delhi Capitals,India
TM Srivastava,Punjab Kings,India
B Chipli,Royal Challengers Bangalore,India
DW Steyn,Royal Challengers Bangalore,South Africa
DB Das,Kolkata Knight Riders,India
MK Pandey,Mumbai Indians,India
HH Gibbs,Deccan Chargers,South Africa
DNT Zoysa,Deccan Chargers,Sri Lanka
D Kalyankrishna,Deccan Chargers,India
SE Marsh,Punjab Kings,Australia
SA Asnodkar,Rajasthan Royals,India
Sohail Tanvir,Rajasthan Royals,Pakistan
Salman Butt,Kolkata Knight Riders,Pakistan
BJ Hodge,Kolkata Knight Riders,Australia
Umar Gul,Kolkata Knight Riders,Pakistan
AB Dinda,Kolkata Knight Riders,India
SP Fleming,Chennai Super Kings,New Zealand
S Vidyut,Chennai Super Kings,India
JA Morkel,Chennai Super Kings,South Africa
AB de Villiers,Delhi Capitals,South Africa
Misbah-ul-Haq,Royal Challengers Bangalore,Pakistan
YV Takawale,Mumbai Indians,India
RR Raje,Mumbai Indians,India
PJ Sangwan,Delhi Capitals,India
Mohammad Asif,Delhi Capitals,Pakistan
GD McGrath,Delhi Capitals,Australia
Joginder Sharma,Chennai Super Kings,India
MS Gony,Chennai Super Kings,India
M Muralitharan,Chennai Super Kings,Sri Lanka
M Ntini,Chennai Super Kings,South Africa
DT Patil,Royal Challengers Bangalore,India
A Kumble,Royal Challengers Bangalore,India
S Anirudha,Chennai Super Kings,India
MM Patel,Rajasthan Royals,India
CK Kapugedera,Chennai Super Kings,Sri Lanka
A Chopra,Kolkata Knight Riders,India
T Taibu,Kolkata Knight Riders,Zimbabwe
J Arunkumar,Royal Challengers Bangalore,India
DB Ravi Teja,Deccan Chargers,India
PP Ojha,Deccan Chargers,India
U Kaul,Punjab Kings,India
TM Dilshan,Delhi Capitals,Sri Lanka
A Mishra,Delhi Capitals,India
AD Mascarenhas,Rajasthan Royals,England
NK Patel,Rajasthan Royals,India
LA Pomersbach,Punjab Kings,Australia
Iqbal Abdulla,Kolkata Knight Riders,India
SR Tendulkar,Mumbai Indians,India
PM Sarvesh Kumar,Deccan Chargers,India
DP Vijaykumar,Deccan Chargers,India
Shoaib Akhtar,Kolkata Knight Riders,Pakistan
Abdur Razzak,Royal Challengers Bangalore,Bangladesh
LPC Silva,Deccan Chargers,Sri Lanka
H Das,Deccan Chargers,India
SP Goswami,Royal Challengers Bangalore,India
DR Smith,Mumbai Indians,West Indies
SD Chitnis,Mumbai Indians,India
CRD Fernando,Mumbai Indians,Sri Lanka
VS Yeligati,Mumbai Indians,India
L Balaji,Chennai Super Kings,India
A Mukund,Chennai Super Kings,India
Younis Khan,Rajasthan Royals,Pakistan
RR Powar,Punjab Kings,India
S Dhawan,Mumbai Indians,India
JP Duminy,Mumbai Indians,South Africa
Z Khan,Mumbai Indians,India
A Flintoff,Chennai Super Kings,England
T Thushara,Chennai Super Kings,Sri Lanka
JD Ryder,Royal Challengers Bangalore,New Zealand
KP Pietersen,Royal Challengers Bangalore,England
RV Uthappa,Royal Challengers Bangalore,India
T Henderson,Rajasthan Royals,South Africa
Kamran Khan,Rajasthan Royals,India
RS Bopara,Punjab Kings,England
CH Gayle,Kolkata Knight Riders,West Indies
MC Henriques,Kolkata Knight Riders,Australia
R Bishnoi,Royal Challengers Bangalore,India
T Kohli,Punjab Kings,India
FH Edwards,Deccan Chargers,West Indies
KV Sharma,Royal Challengers Bangalore,India
PC Valthaty,Rajasthan Royals,India
RJ Quiney,Rajasthan Royals,Australia
AS Raut,Rajasthan Royals,India
SB Bangar,Kolkata Knight Riders,India
Yashpal Singh,Kolkata Knight Riders,India
Pankaj Singh,Royal Challengers Bangalore,India
DR Smith,Deccan Chargers,West Indies
M Manhas,Delhi Capitals,India
AA Bilakhia,Deccan Chargers,India
AN Ghosh,Kolkata Knight Riders,India
BAW Mendis,Kolkata Knight Riders,Sri Lanka
DL Vettori,Delhi Capitals,New Zealand
MN van Wyk,Kolkata Knight Riders,South Africa
RE van der Merwe,Royal Challengers Bangalore,Netherlands
RE van der Merwe,Royal Challengers Bangalore,South Africa
MK Pandey,Royal Challengers Bangalore,India
TL Suman,Deccan Chargers,India
Shoaib Ahmed,Deccan Chargers,India
GR Napier,Mumbai Indians,India
KP Appanna,Royal Challengers Bangalore,India
LA Carseldine,Rajasthan Royals,India
NV Ojha,Rajasthan Royals,India
SM Harwood,Rajasthan Royals,Australia
M Vijay,Chennai Super Kings,India
SB Jakati,Chennai Super Kings,India
DA Warner,Delhi Capitals,Australia
RJ Harris,Deccan Chargers,Australia
D du Preez,Royal Challengers Bangalore,India
M Morkel,Rajasthan Royals,South Africa
AD Mathews,Kolkata Knight Riders,Sri Lanka
SD Chitnis,Rajasthan Royals,India
J Botha,Rajasthan Royals,South Africa
C Nanda,Mumbai Indians,India
SL Malinga,Mumbai Indians,Sri Lanka
A Nehra,Delhi Capitals,India
Mashrafe Mortaza,Kolkata Knight Riders,Bangladesh
A Singh,Rajasthan Royals,India
GJ Bailey,Chennai Super Kings,Australia
AB McDonald,Delhi Capitals,Australia
Y Nagar,Delhi Capitals,India
SS Shaikh,Kolkata Knight Riders,India
R Ashwin,Chennai Super Kings,India
Mohammad Ashraful,Mumbai Indians,Bangladesh
MK Tiwary,Kolkata Knight Riders,India
CA Pujara,Kolkata Knight Riders,India
OA Shah,Kolkata Knight Riders,England
Anirudh Singh,Deccan Chargers,India
Jaskaran Singh,Deccan Chargers,India
AP Tare,Mumbai Indians,India
AT Rayudu,Mumbai Indians,India
R Sathish,Mumbai Indians,India
R McLaren,Mumbai Indians,South Africa
AA Jhunjhunwala,Rajasthan Royals,India
P Dogra,Rajasthan Royals,India
A Uniyal,Rajasthan Royals,India
MS Bisla,Punjab Kings,India
M Kaif,Punjab Kings,India
YA Abdulla,Punjab Kings,South Africa
EJG Morgan,Royal Challengers Bangalore,England
EJG Morgan,Royal Challengers Bangalore,Ireland
JM Kemp,Chennai Super Kings,South Africa
S Tyagi,Chennai Super Kings,India
RS Gavaskar,Kolkata Knight Riders,India
SE Bond,Kolkata Knight Riders,New Zealand
KA Pollard,Mumbai Indians,West Indies
S Ladda,Delhi Capitals,India
DP Nannes,Delhi Capitals,Netherlands
DP Nannes,Delhi Capitals,Australia
MJ Lumb,Rajasthan Royals,England
DR Martyn,Rajasthan Royals,Australia
S Narwal,Rajasthan Royals,India
AB Barath,Punjab Kings,West Indies
Bipul Sharma,Punjab Kings,India
FY Fazal,Rajasthan Royals,India
AC Voges,Rajasthan Royals,Australia
MD Mishra,Deccan Chargers,India
MC Henriques,Delhi Capitals,Australia
UT Yadav,Delhi Capitals,India
J Theron,Punjab Kings,South Africa
SJ Srivastava,Punjab Kings,India
KM Jadhav,Delhi Capitals,India
R Sharma,Deccan Chargers,India
R Sharma,Mumbai Indians, India
Mandeep Singh,Kolkata Knight Riders,India
SW Tait,Rajasthan Royals,Australia
KB Arun Karthik,Chennai Super Kings,India
KAJ Roach,Deccan Chargers,West Indies
PD Collingwood,Delhi Capitals,England
CK Langeveldt,Kolkata Knight Riders,South Africa
VS Malik,Punjab Kings,India
A Mithun,Royal Challengers Bangalore,India
AP Dole,Rajasthan Royals,India
AN Ahmed,Mumbai Indians,India
RS Sodhi,Punjab Kings,India
DE Bollinger,Chennai Super Kings,Australia
S Sriram,Royal Challengers Bangalore,India
B Sumanth,Deccan Chargers,India
C Madan,Mumbai Indians,India
AG Paunikar,Rajasthan Royals,India
MR Marsh,Deccan Chargers,Australia
AJ Finch,Rajasthan Royals,Australia
STR Binny,Mumbai Indians,India
Harmeet Singh,Deccan Chargers,India
SB Styris,Chennai Super Kings,New Zealand
MS Bisla,Kolkata Knight Riders,India
JH Kallis,Kolkata Knight Riders,South Africa
YK Pathan,Kolkata Knight Riders,India
EJG Morgan,Kolkata Knight Riders,England
EJG Morgan,Kolkata Knight Riders,Ireland
G Gambhir,Kolkata Knight Riders,India
R Bhatia,Kolkata Knight Riders,India
S Dhawan,Deccan Chargers,India
IR Jaggi,Deccan Chargers,India
KC Sangakkara,Deccan Chargers,Sri Lanka
B Chipli,Deccan Chargers,India
JP Duminy,Deccan Chargers,South Africa
DT Christian,Deccan Chargers,Australia
DW Steyn,Deccan Chargers,South Africa
A Mishra,Deccan Chargers,India
I Sharma,Deccan Chargers,India
R Dravid,Rajasthan Royals,India
LRPL Taylor,Rajasthan Royals,New Zealand
BB McCullum,Kochi Tuskers Kerala,New Zealand
VVS Laxman,Kochi Tuskers Kerala,India
DPMD Jayawardene,Kochi Tuskers Kerala,Sri Lanka
BJ Hodge,Kochi Tuskers Kerala,Australia
RA Jadeja,Kochi Tuskers Kerala,India
RV Gomez,Kochi Tuskers Kerala,India
PA Patel,Kochi Tuskers Kerala,India
MA Agarwal,Royal Challengers Bangalore,India
TM Dilshan,Royal Challengers Bangalore,Sri Lanka
AB de Villiers,Royal Challengers Bangalore,South Africa
SS Tiwary,Royal Challengers Bangalore,India
AUK Pathan,Royal Challengers Bangalore,India
UBT Chand,Delhi Capitals,India
AJ Finch,Delhi Capitals,Australia
NV Ojha,Delhi Capitals,India
Y Venugopal Rao,Delhi Capitals,India
IK Pathan,Delhi Capitals,India
RE van der Merwe,Delhi Capitals,Netherlands
RE van der Merwe,Delhi Capitals,South Africa
M Morkel,Delhi Capitals,South Africa
AB Dinda,Delhi Capitals,India
DJ Jacobs,Mumbai Indians,India
RG Sharma,Mumbai Indians,India
AC Gilchrist,Punjab Kings,Australia
PC Valthaty,Punjab Kings,India
KD Karthik,Punjab Kings,India
AM Nayar,Punjab Kings,India
Sunny Singh,Punjab Kings,India
R McLaren,Punjab Kings,South Africa
P Kumar,Punjab Kings,India
NJ Rimmington,Punjab Kings,India
GC Smith,Rising Pune Supergiants,South Africa
M Manhas,Rising Pune Supergiants,India
JD Ryder,Rising Pune Supergiants,New Zealand
RV Uthappa,Rising Pune Supergiants,India
Yuvraj Singh,Rising Pune Supergiants,India
AL Menaria,Rajasthan Royals,India
AM Rahane,Rajasthan Royals,India
R Vinay Kumar,Kochi Tuskers Kerala,India
S Sreesanth,Kochi Tuskers Kerala,India
RP Singh,Kochi Tuskers Kerala,India
MD Mishra,Rising Pune Supergiants,India
WD Parnell,Rising Pune Supergiants,South Africa
R Sharma,Rising Pune Supergiants,India
S Sohal,Deccan Chargers,India
CA Pujara,Royal Challengers Bangalore,India
JJ van der Wath,Royal Challengers Bangalore,South Africa
R Ninan,Royal Challengers Bangalore,India
DL Vettori,Royal Challengers Bangalore,New Zealand
S Aravind,Royal Challengers Bangalore,India
MS Gony,Deccan Chargers,India
MS Wade,Delhi Capitals,Australia
JR Hopes,Delhi Capitals,Australia
CL White,Deccan Chargers,Australia
TD Paine,Rising Pune Supergiants,Australia
M Kartik,Rising Pune Supergiants,India
SB Wagh,Rising Pune Supergiants,India
AC Thomas,Rising Pune Supergiants,India
JEC Franklin,Mumbai Indians,New Zealand
A Symonds,Mumbai Indians,Australia
KM Jadhav,Kochi Tuskers Kerala,India
RR Powar,Kochi Tuskers Kerala,India
Shakib Al Hasan,Kolkata Knight Riders,Bangladesh
B Lee,Kolkata Knight Riders,Australia
L Balaji,Kolkata Knight Riders,India
STR Binny,Rajasthan Royals,India
DH Yagnik,Rajasthan Royals,India
S Randiv,Chennai Super Kings,Sri Lanka
BJ Haddin,Kolkata Knight Riders,Australia
CH Gayle,Royal Challengers Bangalore,West Indies
DJ Hussey,Punjab Kings,Australia
RJ Harris,Punjab Kings,Australia
NLTC Perera,Kochi Tuskers Kerala,Sri Lanka
M Muralitharan,Kochi Tuskers Kerala,Sri Lanka
MK Pandey,Rising Pune Supergiants,India
NL McCullum,Rising Pune Supergiants,New Zealand
JE Taylor,Rising Pune Supergiants,West Indies
J Syed Mohammad,Royal Challengers Bangalore,India
MR Marsh,Rising Pune Supergiants,Australia
SP Goswami,Kolkata Knight Riders,India
RN ten Doeschate,Kolkata Knight Riders,Netherlands
TR Birt,Delhi Capitals,Australia
AG Murtaza,Mumbai Indians,India
M Kaif,Royal Challengers Bangalore,India
Harpreet Singh,Rising Pune Supergiants,India
M Klinger,Kochi Tuskers Kerala,Australia
B Akhil,Kochi Tuskers Kerala,India
AC Blizzard,Mumbai Indians,India
TL Suman,Mumbai Indians,India
AA Jhunjhunwala,Rising Pune Supergiants,India
MV Boucher,Kolkata Knight Riders,South Africa
I Malhotra,Deccan Chargers,India
L Ablish,Punjab Kings,India
CA Ingram,Delhi Capitals,South Africa
AB Agarkar,Delhi Capitals,India
S Nadeem,Delhi Capitals,India
P Parameswaran,Kochi Tuskers Kerala,India
Mandeep Singh,Punjab Kings,India
SD Chitnis,Punjab Kings,India
CJ Ferguson,Rising Pune Supergiants,Australia
SC Ganguly,Rising Pune Supergiants,India
MM Patel,Mumbai Indians,India
OA Shah,Kochi Tuskers Kerala,England
LA Pomersbach,Royal Challengers Bangalore,Australia
KB Arun Karthik,Royal Challengers Bangalore,India
MJ Lumb,Deccan Chargers,England
S Sriram,Delhi Capitals,India
VR Aaron,Delhi Capitals,India
PR Shah,Rajasthan Royals,India
JDP Oram,Rajasthan Royals,New Zealand
AA Chavan,Rajasthan Royals,India
ND Doshi,Rajasthan Royals,India
B Kumar,Rising Pune Supergiants,India
CK Langeveldt,Royal Challengers Bangalore,South Africa
WP Saha,Chennai Super Kings,India
Y Gnaneswara Rao,Kochi Tuskers Kerala,India
S Rana,Rising Pune Supergiants,India
BA Bhatt,Punjab Kings,India
DJ Bravo,Chennai Super Kings,West Indies
F du Plessis,Chennai Super Kings,South Africa
RA Jadeja,Chennai Super Kings,India
RE Levi,Mumbai Indians,South Africa
GJ Maxwell,Delhi Capitals,Australia
SPD Smith,Rising Pune Supergiants,Australia
MN Samuels,Rising Pune Supergiants,West Indies
KD Karthik,Mumbai Indians,India
SA Yadav,Mumbai Indians,India
PP Ojha,Mumbai Indians,India
BJ Hodge,Rajasthan Royals,Australia
OA Shah,Rajasthan Royals,England
KK Cooper,Rajasthan Royals,India
JP Faulkner,Punjab Kings,Australia
Harmeet Singh,Punjab Kings,India
AB McDonald,Royal Challengers Bangalore,Australia
HV Patel,Royal Challengers Bangalore,India
DAJ Bracewell,Delhi Capitals,New Zealand
DJ Harris,Deccan Chargers,India
PA Patel,Deccan Chargers,India
Ankit Sharma,Deccan Chargers,India
SP Goswami,Rajasthan Royals,India
SP Narine,Kolkata Knight Riders,West Indies
AD Mascarenhas,Punjab Kings,England
KP Pietersen,Delhi Capitals,England
DPMD Jayawardene,Delhi Capitals,Sri Lanka
GB Hogg,Rajasthan Royals,Australia
RR Bhatkal,Royal Challengers Bangalore,India
AD Mathews,Rising Pune Supergiants,Sri Lanka
A Nehra,Rising Pune Supergiants,India
AB Dinda,Rising Pune Supergiants,India
P Dogra,Punjab Kings,India
M Muralitharan,Royal Challengers Bangalore,Sri Lanka
CJ McKay,Mumbai Indians,Australia
RP Singh,Mumbai Indians,India
LRPL Taylor,Delhi Capitals,New Zealand
AA Jhunjhunwala,Deccan Chargers,India
N Saini,Punjab Kings,India
DA Miller,Punjab Kings,South Africa
Azhar Mahmood,Punjab Kings,Pakistan
P Negi,Delhi Capitals,India
NLTC Perera,Mumbai Indians,Sri Lanka
RJ Peterson,Mumbai Indians,South Africa
KMDN Kulasekara,Chennai Super Kings,Sri Lanka
A Ashish Reddy,Deccan Chargers,India
V Pratap Singh,Deccan Chargers,India
BB Samantray,Deccan Chargers,India
MJ Clarke,Rising Pune Supergiants,Australia
Gurkeerat Singh,Punjab Kings,India
AP Majumdar,Rising Pune Supergiants,India
PA Reddy,Deccan Chargers,India
J Theron,Deccan Chargers,South Africa
K Upadhyay,Rising Pune Supergiants,India
HH Gibbs,Mumbai Indians,South Africa
P Awana,Punjab Kings,India
AD Russell,Delhi Capitals,West Indies
A Chandila,Rajasthan Royals,India
CA Lynn,Deccan Chargers,Australia
AG Murtaza,Rising Pune Supergiants,India
P Parameswaran,Royal Challengers Bangalore,India
Sunny Gupta,Delhi Capitals,India
MC Juneja,Delhi Capitals,India
J Botha,Delhi Capitals,South Africa
DT Christian,Royal Challengers Bangalore,Australia
KK Nair,Royal Challengers Bangalore,India
RT Ponting,Mumbai Indians,Australia
PA Reddy,Sunrisers Hyderabad,India
PA Patel,Sunrisers Hyderabad,India
KC Sangakkara,Sunrisers Hyderabad,Sri Lanka
CL White,Sunrisers Hyderabad,Australia
NLTC Perera,Sunrisers Hyderabad,Sri Lanka
GH Vihari,Sunrisers Hyderabad,India
A Ashish Reddy,Sunrisers Hyderabad,India
DB Ravi Teja,Sunrisers Hyderabad,India
LRPL Taylor,Rising Pune Supergiants,New Zealand
AM Nayar,Rising Pune Supergiants,India
MDKJ Perera,Rajasthan Royals,Sri Lanka
R Shukla,Rajasthan Royals,India
B Laughlin,Chennai Super Kings,Australia
AS Rajpoot,Chennai Super Kings,India
TL Suman,Rising Pune Supergiants,India
M Vohra,Punjab Kings,India
MC Henriques,Royal Challengers Bangalore,Australia
M Kartik,Royal Challengers Bangalore,India
JD Unadkat,Royal Challengers Bangalore,India
DW Steyn,Sunrisers Hyderabad,South Africa
S Sreesanth,Rajasthan Royals,India
Mohammed Shami,Kolkata Knight Riders,India
BMAJ Mendis,Delhi Capitals,Sri Lanka
BB Samantray,Sunrisers Hyderabad,India
R Sathish,Punjab Kings,India
R McLaren,Kolkata Knight Riders,South Africa
PJ Sangwan,Kolkata Knight Riders,India
JP Faulkner,Rajasthan Royals,Australia
AJ Finch,Rising Pune Supergiants,Australia
A Mishra,Sunrisers Hyderabad,India
R Rampaul,Royal Challengers Bangalore,West Indies
CH Morris,Chennai Super Kings,South Africa
KV Sharma,Sunrisers Hyderabad,India
SV Samson,Rajasthan Royals,India
MS Gony,Punjab Kings,India
SMSM Senanayake,Kolkata Knight Riders,Sri Lanka
BJ Rohrer,Delhi Capitals,Australia
KL Rahul,Royal Challengers Bangalore,India
Q de Kock,Sunrisers Hyderabad,South Africa
R Dhawan,Mumbai Indians,India
MG Johnson,Mumbai Indians,Australia
LJ Wright,Rising Pune Supergiants,England
IC Pandey,Rising Pune Supergiants,India
S Dhawan,Sunrisers Hyderabad,India
X Thalaivan Sargunam,Sunrisers Hyderabad,India
DJG Sammy,Sunrisers Hyderabad,West Indies
A Mukund,Royal Challengers Bangalore,India
KW Richardson,Rising Pune Supergiants,Australia
S Narwal,Kolkata Knight Riders,India
BAW Mendis,Rising Pune Supergiants,Sri Lanka
MM Sharma,Chennai Super Kings,India
CM Gautam,Delhi Capitals,India
UA Birla,Rising Pune Supergiants,India
M Rawat,Rising Pune Supergiants,India
Parvez Rasool,Rising Pune Supergiants,India
GJ Maxwell,Mumbai Indians,Australia
Sandeep Sharma,Punjab Kings,India
S Kaul,Delhi Capitals,India
Sachin Baby,Rajasthan Royals,India
PV Tambe,Rajasthan Royals,India
NM Coulter-Nile,Mumbai Indians,Australia
RV Gomez,Rising Pune Supergiants,India
B Chipli,Delhi Capitals,India
P Dogra,Kolkata Knight Riders,India
MK Pandey,Kolkata Knight Riders,India
RV Uthappa,Kolkata Knight Riders,India
SA Yadav,Kolkata Knight Riders,India
MEK Hussey,Mumbai Indians,Australia
CJ Anderson,Mumbai Indians,New Zealand
CM Gautam,Mumbai Indians,India
MA Agarwal,Delhi Capitals,India
M Vijay,Delhi Capitals,India
JP Duminy,Delhi Capitals,South Africa
PA Patel,Royal Challengers Bangalore,India
NJ Maddinson,Royal Challengers Bangalore,Australia
Yuvraj Singh,Royal Challengers Bangalore,India
DR Smith,Chennai Super Kings,West Indies
BB McCullum,Chennai Super Kings,New Zealand
CA Pujara,Punjab Kings,India
V Sehwag,Punjab Kings,India
GJ Maxwell,Punjab Kings,Australia
AR Patel,Punjab Kings,India
GJ Bailey,Punjab Kings,Australia
AJ Finch,Sunrisers Hyderabad,Australia
DA Warner,Sunrisers Hyderabad,Australia
KL Rahul,Sunrisers Hyderabad,India
Y Venugopal Rao,Sunrisers Hyderabad,India
AM Nayar,Rajasthan Royals,India
R Bhatia,Rajasthan Royals,India
JJ Bumrah,Mumbai Indians,India
JDS Neesham,Delhi Capitals,New Zealand
SPD Smith,Rajasthan Royals,Australia
WP Saha,Punjab Kings,India
M Manhas,Chennai Super Kings,India
Mohammed Shami,Delhi Capitals,India
JD Unadkat,Delhi Capitals,India
MG Johnson,Punjab Kings,Australia
IK Pathan,Sunrisers Hyderabad,India
B Kumar,Sunrisers Hyderabad,India
TG Southee,Rajasthan Royals,New Zealand
DS Kulkarni,Rajasthan Royals,India
CA Lynn,Kolkata Knight Riders,Australia
R Vinay Kumar,Kolkata Knight Riders,India
YV Takawale,Royal Challengers Bangalore,India
JA Morkel,Royal Challengers Bangalore,South Africa
Q de Kock,Delhi Capitals,South Africa
S Rana,Royal Challengers Bangalore,India
MA Starc,Royal Challengers Bangalore,Australia
AB Dinda,Royal Challengers Bangalore,India
KK Nair,Rajasthan Royals,India
R Dhawan,Punjab Kings,India
L Balaji,Punjab Kings,India
PP Chawla,Kolkata Knight Riders,India
UT Yadav,Kolkata Knight Riders,India
M Morkel,Kolkata Knight Riders,South Africa
VR Aaron,Royal Challengers Bangalore,India
NV Ojha,Sunrisers Hyderabad,India
BR Dunk,Mumbai Indians,Australia
AD Russell,Kolkata Knight Riders,West Indies
RR Rossouw,Royal Challengers Bangalore,South Africa
LR Shukla,Delhi Capitals,India
MC Henriques,Sunrisers Hyderabad,Australia
KW Richardson,Rajasthan Royals,Australia
Shivam Sharma,Punjab Kings,India
YS Chahal,Royal Challengers Bangalore,India
R Shukla,Delhi Capitals,India
LMP Simmons,Mumbai Indians,West Indies
VH Zol,Royal Challengers Bangalore,India
Ankit Sharma,Rajasthan Royals,India
BCJ Cutting,Rajasthan Royals,Australia
Imran Tahir,Delhi Capitals,South Africa
DJ Hussey,Chennai Super Kings,Australia
AN Ahmed,Royal Challengers Bangalore,India
UBT Chand,Rajasthan Royals,India
WD Parnell,Delhi Capitals,South Africa
BE Hendricks,Punjab Kings,South Africa
S Gopal,Mumbai Indians,India
M de Lange,Mumbai Indians,South Africa
R Tewatia,Rajasthan Royals,India
VS Malik,Rajasthan Royals,India
S Anirudha,Sunrisers Hyderabad,India
JO Holder,Sunrisers Hyderabad,West Indies
Karanveer Singh,Punjab Kings,India
P Kumar,Mumbai Indians,India
AJ Finch,Mumbai Indians,Australia
JA Morkel,Delhi Capitals,South Africa
SS Iyer,Delhi Capitals,India
Yuvraj Singh,Delhi Capitals,India
NM Coulter-Nile,Delhi Capitals,Australia
DJ Hooda,Rajasthan Royals,India
CH Morris,Rajasthan Royals,South Africa
M Vijay,Punjab Kings,India
Anureet Singh,Punjab Kings,India
RS Bopara,Sunrisers Hyderabad,England
KS Williamson,Sunrisers Hyderabad,New Zealand
Parvez Rasool,Sunrisers Hyderabad,India
KD Karthik,Royal Challengers Bangalore,India
Mandeep Singh,Royal Challengers Bangalore,India
DJG Sammy,Royal Challengers Bangalore,West Indies
SA Abbott,Royal Challengers Bangalore,Australia
AD Mathews,Delhi Capitals,Sri Lanka
J Suchith,Mumbai Indians,India
PA Patel,Mumbai Indians,India
UBT Chand,Mumbai Indians,India
EJG Morgan,Sunrisers Hyderabad,England
EJG Morgan,Sunrisers Hyderabad,Ireland
R Vinay Kumar,Mumbai Indians,India
P Kumar,Sunrisers Hyderabad,India
NLTC Perera,Punjab Kings,Sri Lanka
HH Pandya,Mumbai Indians,India
MS Bisla,Royal Challengers Bangalore,India
D Wiese,Royal Challengers Bangalore,South Africa
D Wiese,Royal Challengers Bangalore,Namibia
Iqbal Abdulla,Royal Challengers Bangalore,India
A Nehra,Chennai Super Kings,India
SN Khan,Royal Challengers Bangalore,India
MJ McClenaghan,Mumbai Indians,New Zealand
DJ Muthuswami,Delhi Capitals,India
PJ Cummins,Kolkata Knight Riders,Australia
GB Hogg,Kolkata Knight Riders,Australia
P Negi,Chennai Super Kings,India
RG More,Chennai Super Kings,India
SN Thakur,Punjab Kings,India
SS Tiwary,Delhi Capitals,India
J Theron,Rajasthan Royals,South Africa
J Botha,Kolkata Knight Riders,South Africa
Bipul Sharma,Sunrisers Hyderabad,India
Azhar Mahmood,Kolkata Knight Riders,Pakistan
JC Buttler,Mumbai Indians,England
AM Rahane,Rising Pune Supergiants,India
F du Plessis,Rising Pune Supergiants,South Africa
KP Pietersen,Rising Pune Supergiants,England
KK Nair,Delhi Capitals,India
SV Samson,Delhi Capitals,India
CR Brathwaite,Delhi Capitals,West Indies
CH Morris,Delhi Capitals,South Africa
Z Khan,Delhi Capitals,India
MP Stoinis,Punjab Kings,Australia
AJ Finch,Gujarat Lions,Australia
BB McCullum,Gujarat Lions,New Zealand
SK Raina,Gujarat Lions,India
KD Karthik,Gujarat Lions,India
RA Jadeja,Gujarat Lions,India
Ishan Kishan,Gujarat Lions,India
DJ Bravo,Gujarat Lions,West Indies
SR Watson,Royal Challengers Bangalore,Australia
KM Jadhav,Royal Challengers Bangalore,India
DJ Hooda,Sunrisers Hyderabad,India
C Munro,Kolkata Knight Riders,New Zealand
MS Dhoni,Rising Pune Supergiants,India
R Bhatia,Rising Pune Supergiants,India
MM Sharma,Punjab Kings,India
P Sahu,Punjab Kings,India
KH Pandya,Mumbai Indians,India
TG Southee,Mumbai Indians,New Zealand
AD Nath,Gujarat Lions,India
JP Faulkner,Gujarat Lions,Australia
P Kumar,Gujarat Lions,India
DS Kulkarni,Gujarat Lions,India
NLTC Perera,Rising Pune Supergiants,Sri Lanka
IK Pathan,Rising Pune Supergiants,India
R Ashwin,Rising Pune Supergiants,India
MJ Guptill,Mumbai Indians,New Zealand
KJ Abbott,Punjab Kings,South Africa
TM Head,Royal Challengers Bangalore,Australia
STR Binny,Royal Challengers Bangalore,India
KW Richardson,Royal Challengers Bangalore,Australia
DW Steyn,Gujarat Lions,South Africa
Ankit Sharma,Rising Pune Supergiants,India
M Ashwin,Rising Pune Supergiants,India
NS Naik,Punjab Kings,India
AP Tare,Sunrisers Hyderabad,India
DR Smith,Gujarat Lions,West Indies
JA Morkel,Rising Pune Supergiants,South Africa
R Sathish,Kolkata Knight Riders,India
RR Pant,Delhi Capitals,India
SS Tiwary,Rising Pune Supergiants,India
SW Billings,Delhi Capitals,England
JO Holder,Kolkata Knight Riders,West Indies
Sachin Baby,Royal Challengers Bangalore,India
Parvez Rasool,Royal Challengers Bangalore,India
KC Cariappa,Punjab Kings,India
PSP Handscomb,Rising Pune Supergiants,Australia
Swapnil Singh,Punjab Kings,India
J Yadav,Delhi Capitals,India
UT Khawaja,Rising Pune Supergiants,Australia
Yuvraj Singh,Sunrisers Hyderabad,India
GJ Bailey,Rising Pune Supergiants,Australia
HM Amla,Punjab Kings,South Africa
F Behardien,Punjab Kings,South Africa
BB Sran,Sunrisers Hyderabad,India
A Zampa,Rising Pune Supergiants,Australia
N Rana,Mumbai Indians,India
A Nehra,Sunrisers Hyderabad,India
PV Tambe,Gujarat Lions,India
S Kaushik,Gujarat Lions,India
BCJ Cutting,Sunrisers Hyderabad,Australia
ER Dwivedi,Gujarat Lions,India
SB Jakati,Gujarat Lions,India
CJ Jordan,Royal Challengers Bangalore,England
TS Mills,Royal Challengers Bangalore,England
A Choudhary,Royal Challengers Bangalore,India
MA Agarwal,Rising Pune Supergiants,India
BA Stokes,Rising Pune Supergiants,England
JJ Roy,Gujarat Lions,England
MK Tiwary,Rising Pune Supergiants,India
DT Christian,Rising Pune Supergiants,Australia
Vishnu Vinod,Royal Challengers Bangalore,India
P Negi,Royal Challengers Bangalore,India
AP Tare,Delhi Capitals,India
PJ Cummins,Delhi Capitals,Australia
Basil Thampi,Gujarat Lions,India
CR Woakes,Kolkata Knight Riders,England
CJ Anderson,Delhi Capitals,New Zealand
RA Tripathi,Rising Pune Supergiants,India
DL Chahar,Rising Pune Supergiants,India
Imran Tahir,Rising Pune Supergiants,South Africa
V Shankar,Sunrisers Hyderabad,India
Rashid Khan,Sunrisers Hyderabad,Nepal
VR Aaron,Punjab Kings,India
SN Thakur,Rising Pune Supergiants,India
RD Chahar,Rising Pune Supergiants,India
LH Ferguson,Rising Pune Supergiants,New Zealand
C de Grandhomme,Kolkata Knight Riders,New Zealand
EJG Morgan,Punjab Kings,England
EJG Morgan,Punjab Kings,Ireland
JD Unadkat,Rising Pune Supergiants,India
AF Milne,Royal Challengers Bangalore,New Zealand
S Badree,Royal Challengers Bangalore,West Indies
Mohammad Nabi,Sunrisers Hyderabad,India
I Sharma,Punjab Kings,India
AJ Tye,Gujarat Lions,Australia
K Rabada,Delhi Capitals,South Africa
NM Coulter-Nile,Kolkata Knight Riders,Australia
Kuldeep Yadav,Kolkata Knight Riders,India
Washington Sundar,Rising Pune Supergiants,India
KV Sharma,Mumbai Indians,India
DM Bravo,Kolkata Knight Riders,West Indies
AR Bawne,Delhi Capitals,India
SP Jackson,Kolkata Knight Riders,India
MJ Guptill,Punjab Kings,New Zealand
IK Pathan,Gujarat Lions,India
Ankit Soni,Gujarat Lions,India
PJ Sangwan,Gujarat Lions,India
S Kaul,Sunrisers Hyderabad,India
MN Samuels,Delhi Capitals,West Indies
R Tewatia,Punjab Kings,India
MM Patel,Gujarat Lions,India
TA Boult,Kolkata Knight Riders,New Zealand
CJ Jordan,Sunrisers Hyderabad,England
IR Jaggi,Kolkata Knight Riders,India
AS Rajpoot,Kolkata Knight Riders,India
E Lewis,Mumbai Indians,West Indies
Ishan Kishan,Mumbai Indians,India
SR Watson,Chennai Super Kings,Australia
AT Rayudu,Chennai Super Kings,India
KM Jadhav,Chennai Super Kings,India
DL Chahar,Chennai Super Kings,India
Harbhajan Singh,Chennai Super Kings,India
MA Wood,Chennai Super Kings,England
Imran Tahir,Chennai Super Kings,South Africa
C Munro,Delhi Capitals,New Zealand
V Shankar,Delhi Capitals,India
R Tewatia,Delhi Capitals,India
DT Christian,Delhi Capitals,Australia
KL Rahul,Punjab Kings,India
MA Agarwal,Punjab Kings,India
KK Nair,Punjab Kings,India
BB McCullum,Royal Challengers Bangalore,New Zealand
Q de Kock,Royal Challengers Bangalore,South Africa
CR Woakes,Royal Challengers Bangalore,England
N Rana,Kolkata Knight Riders,India
KD Karthik,Kolkata Knight Riders,India
RK Singh,Kolkata Knight Riders,India
DJM Short,Rajasthan Royals,Australia
BA Stokes,Rajasthan Royals,England
RA Tripathi,Rajasthan Royals,India
JC Buttler,Rajasthan Royals,England
K Gowtham,Rajasthan Royals,India
S Gopal,Rajasthan Royals,India
JD Unadkat,Rajasthan Royals,India
B Laughlin,Rajasthan Royals,Australia
WP Saha,Sunrisers Hyderabad,India
TK Curran,Kolkata Knight Riders,England
SW Billings,Chennai Super Kings,England
BCJ Cutting,Mumbai Indians,Australia
PJ Sangwan,Mumbai Indians,India
M Markande,Mumbai Indians,India
MK Pandey,Sunrisers Hyderabad,India
Shakib Al Hasan,Sunrisers Hyderabad,Bangladesh
YK Pathan,Sunrisers Hyderabad,India
Sandeep Sharma,Sunrisers Hyderabad,India
B Stanlake,Sunrisers Hyderabad,Australia
AJ Finch,Punjab Kings,Australia
R Ashwin,Punjab Kings,India
AJ Tye,Punjab Kings,Australia
Mujeeb Ur Rahman,Punjab Kings,India
Washington Sundar,Royal Challengers Bangalore,India
A Dananjaya,Mumbai Indians,Sri Lanka
JJ Roy,Delhi Capitals,England
Shubman Gill,Kolkata Knight Riders,India
Shivam Mavi,Kolkata Knight Riders,India
MG Johnson,Kolkata Knight Riders,Australia
CH Gayle,Punjab Kings,West Indies
TA Boult,Delhi Capitals,New Zealand
CJ Anderson,Royal Challengers Bangalore,New Zealand
UT Yadav,Royal Challengers Bangalore,India
Mohammed Siraj,Royal Challengers Bangalore,India
H Klaasen,Rajasthan Royals,South Africa
M Vohra,Royal Challengers Bangalore,India
RK Bhui,Sunrisers Hyderabad,India
JC Archer,Rajasthan Royals,England
BB Sran,Punjab Kings,India
PP Shaw,Delhi Capitals,India
LE Plunkett,Delhi Capitals,England
Basil Thampi,Sunrisers Hyderabad,India
Mustafizur Rahman,Mumbai Indians,Bangladesh
C de Grandhomme,Royal Challengers Bangalore,New Zealand
MK Tiwary,Punjab Kings,India
AS Rajpoot,Punjab Kings,India
AD Hales,Sunrisers Hyderabad,England
MK Lomror,Rajasthan Royals,India
TG Southee,Royal Challengers Bangalore,New Zealand
M Ashwin,Royal Challengers Bangalore,India
DR Shorey,Chennai Super Kings,India
MM Ali,Royal Challengers Bangalore,England
AD Nath,Punjab Kings,India
M Prasidh Krishna,Kolkata Knight Riders,India
HV Patel,Delhi Capitals,India
P Chopra,Rajasthan Royals,India
JPR Scantlebury-Searles,Kolkata Knight Riders,India
Abhishek Sharma,Delhi Capitals,India
IS Sodhi,Rajasthan Royals,New Zealand
Anureet Singh,Rajasthan Royals,India
SP Goswami,Sunrisers Hyderabad,India
CR Brathwaite,Sunrisers Hyderabad,West Indies
SN Thakur,Chennai Super Kings,India
SO Hetmyer,Royal Challengers Bangalore,West Indies
S Dube,Royal Challengers Bangalore,India
Navdeep Saini,Royal Challengers Bangalore,India
JM Bairstow,Sunrisers Hyderabad,England
KMA Paul,Delhi Capitals,West Indies
AR Patel,Delhi Capitals,India
Q de Kock,Mumbai Indians,South Africa
Yuvraj Singh,Mumbai Indians,India
Rasikh Salam,Mumbai Indians,India
SN Khan,Punjab Kings,India
N Pooran,Punjab Kings,West Indies
NS Naik,Kolkata Knight Riders,India
GH Vihari,Delhi Capitals,India
P Ray Barman,Royal Challengers Bangalore,India
SM Curran,Punjab Kings,England
GC Viljoen,Punjab Kings,South Africa
M Ashwin,Punjab Kings,India
Mohammed Shami,Punjab Kings,India
Avesh Khan,Delhi Capitals,India
S Lamichhane,Delhi Capitals,Nepal
MP Stoinis,Royal Challengers Bangalore,Australia
RD Chahar,Mumbai Indians,India
AD Nath,Royal Challengers Bangalore,India
HF Gurney,Kolkata Knight Riders,England
SD Lad,Mumbai Indians,India
AS Joseph,Mumbai Indians,West Indies
R Parag,Rajasthan Royals,India
MJ Santner,Chennai Super Kings,New Zealand
JL Denly,Kolkata Knight Riders,England
CR Brathwaite,Kolkata Knight Riders,West Indies
LS Livingstone,Rajasthan Royals,England
Abhishek Sharma,Sunrisers Hyderabad,India
KK Ahmed,Sunrisers Hyderabad,India
AJ Turner,Rajasthan Royals,Australia
Harpreet Brar,Punjab Kings,India
SE Rutherford,Delhi Capitals,West Indies
Y Prithvi Raj,Kolkata Knight Riders,India
KC Cariappa,Kolkata Knight Riders,India
H Klaasen,Royal Challengers Bangalore,South Africa
Gurkeerat Singh,Royal Challengers Bangalore,India
BB Sran,Mumbai Indians,India
P Simran Singh,Punjab Kings,India
J Suchith,Delhi Capitals,India
MJ Guptill,Sunrisers Hyderabad,New Zealand
VR Aaron,Rajasthan Royals,India
I Sharma,Delhi Capitals,India
JL Pattinson,Mumbai Indians,Australia
TA Boult,Mumbai Indians,New Zealand
SM Curran,Chennai Super Kings,England
SO Hetmyer,Delhi Capitals,West Indies
MP Stoinis,Delhi Capitals,Australia
R Ashwin,Delhi Capitals,India
A Nortje,Delhi Capitals,South Africa
K Gowtham,Punjab Kings,India
CJ Jordan,Punjab Kings,England
D Padikkal,Royal Challengers Bangalore,India
AJ Finch,Royal Challengers Bangalore,Australia
JR Philippe,Royal Challengers Bangalore,Australia
PK Garg,Sunrisers Hyderabad,India
MR Marsh,Sunrisers Hyderabad,Australia
T Natarajan,Sunrisers Hyderabad,India
YBK Jaiswal,Rajasthan Royals,India
RV Uthappa,Rajasthan Royals,India
TK Curran,Rajasthan Royals,England
RD Gaikwad,Chennai Super Kings,India
Abdul Samad,Sunrisers Hyderabad,Pakistan
KL Nagarkoti,Kolkata Knight Riders,India
AS Rajpoot,Rajasthan Royals,India
JDS Neesham,Punjab Kings,New Zealand
Ravi Bishnoi,Punjab Kings,India
RA Tripathi,Kolkata Knight Riders,India
I Udana,Royal Challengers Bangalore,Sri Lanka
CV Varun,Kolkata Knight Riders,India
SS Cottrell,Punjab Kings,West Indies
Arshdeep Singh,Punjab Kings,India
AJ Tye,Rajasthan Royals,Australia
Kartik Tyagi,Rajasthan Royals,India
N Jagadeesan,Chennai Super Kings,India
AM Rahane,Delhi Capitals,India
AT Carey,Delhi Capitals,Australia
T Banton,Kolkata Knight Riders,England
S Nadeem,Sunrisers Hyderabad,India
CH Morris,Royal Challengers Bangalore,South Africa
DJ Hooda,Punjab Kings,India
LH Ferguson,Kolkata Knight Riders,New Zealand
TU Deshpande,Delhi Capitals,India
P Dubey,Delhi Capitals,India
Shahbaz Ahmed,Royal Challengers Bangalore,India
DR Sams,Delhi Capitals,Australia
CA Lynn,Mumbai Indians,Australia
M Jansen,Mumbai Indians,South Africa
RM Patidar,Royal Challengers Bangalore,India
GJ Maxwell,Royal Challengers Bangalore,Australia
KA Jamieson,Royal Challengers Bangalore,New Zealand
MM Ali,Chennai Super Kings,England
M Shahrukh Khan,Punjab Kings,India
JA Richardson,Punjab Kings,Australia
M Vohra,Rajasthan Royals,India
S Dube,Rajasthan Royals,India
Harbhajan Singh,Kolkata Knight Riders,India
Lalit Yadav,Delhi Capitals,India
TK Curran,Delhi Capitals,England
CR Woakes,Delhi Capitals,England
DA Miller,Rajasthan Royals,South Africa
Virat Singh,Sunrisers Hyderabad,India
Mujeeb Ur Rahman,Sunrisers Hyderabad,India
SPD Smith,Delhi Capitals,Australia
Mustafizur Rahman,Rajasthan Royals,Bangladesh
J Yadav,Mumbai Indians,India
MC Henriques,Punjab Kings,Australia
FA Allen,Punjab Kings,West Indies
C Sakariya,Rajasthan Royals,India
KM Jadhav,Sunrisers Hyderabad,India
J Suchith,Sunrisers Hyderabad,India
DR Sams,Royal Challengers Bangalore,Australia
JDS Neesham,Mumbai Indians,New Zealand
DJ Malan,Punjab Kings,England
Anmolpreet Singh,Mumbai Indians,India
AF Milne,Mumbai Indians,New Zealand
KS Bharat,Royal Challengers Bangalore,India
PWH de Silva,Royal Challengers Bangalore,Sri Lanka
VR Iyer,Kolkata Knight Riders,India
E Lewis,Rajasthan Royals,West Indies
AK Markram,Punjab Kings,South Africa
TH David,Royal Challengers Bangalore,Australia
T Shamsi,Rajasthan Royals,South Africa
NT Ellis,Punjab Kings,Australia
JJ Roy,Sunrisers Hyderabad,England
TG Southee,Kolkata Knight Riders,New Zealand
TL Seifert,Kolkata Knight Riders,New Zealand
GD Phillips,Rajasthan Royals,New Zealand
GHS Garton,Royal Challengers Bangalore,England
RV Uthappa,Chennai Super Kings,India
RV Patel,Delhi Capitals,India
K Yadav,Rajasthan Royals,India
Anuj Rawat,Rajasthan Royals,India
PP Chawla,Mumbai Indians,India
DP Conway,Chennai Super Kings,New Zealand
S Dube,Chennai Super Kings,India
AM Rahane,Kolkata Knight Riders,India
SS Iyer,Kolkata Knight Riders,India
SW Billings,Kolkata Knight Riders,England
Tilak Varma,Mumbai Indians,India
TH David,Mumbai Indians,Australia
DR Sams,Mumbai Indians,Australia
TL Seifert,Delhi Capitals,New Zealand
Mandeep Singh,Delhi Capitals,India
R Powell,Delhi Capitals,West Indies
SN Thakur,Delhi Capitals,India
F du Plessis,Royal Challengers Bangalore,South Africa
Anuj Rawat,Royal Challengers Bangalore,India
S Dhawan,Punjab Kings,India
PBB Rajapaksa,Punjab Kings,Sri Lanka
LS Livingstone,Punjab Kings,England
RA Bawa,Punjab Kings,India
OF Smith,Punjab Kings,West Indies
KL Rahul,Lucknow Super Giants,India
E Lewis,Lucknow Super Giants,West Indies
Q de Kock,Lucknow Super Giants,South Africa
MK Pandey,Lucknow Super Giants,India
DJ Hooda,Lucknow Super Giants,India
A Badoni,Lucknow Super Giants,India
KH Pandya,Lucknow Super Giants,India
PVD Chameera,Lucknow Super Giants,Sri Lanka
Shubman Gill,Gujarat Titans,India
V Shankar,Gujarat Titans,India
MS Wade,Gujarat Titans,Australia
HH Pandya,Gujarat Titans,India
DA Miller,Gujarat Titans,South Africa
R Tewatia,Gujarat Titans,India
A Manohar,Gujarat Titans,India
D Padikkal,Rajasthan Royals,India
SO Hetmyer,Rajasthan Royals,West Indies
NM Coulter-Nile,Rajasthan Royals,Australia
RA Tripathi,Sunrisers Hyderabad,India
N Pooran,Sunrisers Hyderabad,West Indies
AK Markram,Sunrisers Hyderabad,South Africa
R Shepherd,Sunrisers Hyderabad,West Indies
Washington Sundar,Sunrisers Hyderabad,India
SE Rutherford,Royal Challengers Bangalore,West Indies
DJ Willey,Royal Challengers Bangalore,England
D Pretorius,Chennai Super Kings,South Africa
RD Chahar,Punjab Kings,India
K Rabada,Punjab Kings,South Africa
R Ashwin,Rajasthan Royals,India
Navdeep Saini,Rajasthan Royals,India
TA Boult,Rajasthan Royals,New Zealand
M Ashwin,Mumbai Indians,India
Rashid Khan,Gujarat Titans,Afg
Kuldeep Yadav,Delhi Capitals,India
KK Ahmed,Delhi Capitals,India
Mustafizur Rahman,Delhi Capitals,Bangladesh
JM Sharma,Punjab Kings,India
VG Arora,Punjab Kings,India
CJ Jordan,Chennai Super Kings,England
Mukesh Choudhary,Chennai Super Kings,India
JO Holder,Lucknow Super Giants,West Indies
Umran Malik,Sunrisers Hyderabad,India
D Brevis,Mumbai Indians,South Africa
SN Khan,Delhi Capitals,India
JM Bairstow,Punjab Kings,England
B Sai Sudharsan,Gujarat Titans,India
Ramandeep Singh,Mumbai Indians,India
JD Unadkat,Mumbai Indians,India
Rasikh Salam,Kolkata Knight Riders,India
HE van der Dussen,Rajasthan Royals,South Africa
K Gowtham,Lucknow Super Giants,India
MP Stoinis,Lucknow Super Giants,Australia
Avesh Khan,Lucknow Super Giants,India
SS Prabhudessai,Royal Challengers Bangalore,India
Akash Deep,Royal Challengers Bangalore,India
JR Hazlewood,Royal Challengers Bangalore,Australia
TS Mills,Mumbai Indians,England
JDS Neesham,Rajasthan Royals,New Zealand
M Prasidh Krishna,Rajasthan Royals,India
YS Chahal,Rajasthan Royals,India
KR Sen,Rajasthan Royals,India
AJ Finch,Kolkata Knight Riders,Australia
Aman Hakim Khan,Kolkata Knight Riders,India
FA Allen,Mumbai Indians,West Indies
MR Marsh,Delhi Capitals,Australia
WP Saha,Gujarat Titans,India
AS Joseph,Gujarat Titans,West Indies
Ravi Bishnoi,Lucknow Super Giants,India
HR Shokeen,Mumbai Indians,India
LH Ferguson,Gujarat Titans,New Zealand
Yash Dayal,Gujarat Titans,India
DJ Mitchell,Rajasthan Royals,New Zealand
Shashank Singh,Sunrisers Hyderabad,India
M Jansen,Sunrisers Hyderabad,South Africa
B Indrajith,Kolkata Knight Riders,India
Harshit Rana,Kolkata Knight Riders,India
Mohsin Khan,Lucknow Super Giants,India
MK Lomror,Royal Challengers Bangalore,India
PJ Sangwan,Gujarat Titans,India
Simarjeet Singh,Chennai Super Kings,India
M Theekshana,Chennai Super Kings,Sri Lanka
SA Abbott,Sunrisers Hyderabad,Australia
S Gopal,Sunrisers Hyderabad,India
Kartik Tyagi,Sunrisers Hyderabad,India
AS Roy,Kolkata Knight Riders,India
Fazalhaq Farooqi,Sunrisers Hyderabad,India
KS Bharat,Delhi Capitals,India
K Kartikeya,Mumbai Indians,India
RP Meredith,Mumbai Indians,Australia
KS Sharma,Lucknow Super Giants,India
T Stubbs,Mumbai Indians,South Africa
R Sanjay Yadav,Mumbai Indians,India
A Tomar,Kolkata Knight Riders,India
PN Mankad,Punjab Kings,India
M Vohra,Lucknow Super Giants,India
OC McCoy,Rajasthan Royals,West Indies
BA Stokes,Chennai Super Kings,England
Sikandar Raza,Punjab Kings,Zimbabwe
Rahmanullah Gurbaz,Kolkata Knight Riders,India
SN Thakur,Kolkata Knight Riders,India
KR Mayers,Lucknow Super Giants,West Indies
N Pooran,Lucknow Super Giants,West Indies
RR Rossouw,Delhi Capitals,South Africa
Aman Hakim Khan,Delhi Capitals,India
C Sakariya,Delhi Capitals,India
Mukesh Kumar,Delhi Capitals,India
HC Brook,Sunrisers Hyderabad,England
MA Agarwal,Sunrisers Hyderabad,India
GD Phillips,Sunrisers Hyderabad,New Zealand
AU Rashid,Sunrisers Hyderabad,England
C Green,Mumbai Indians,Australia
N Wadhera,Mumbai Indians,India
Arshad Khan,Mumbai Indians,Pakistan
MA Wood,Lucknow Super Giants,England
Abishek Porel,Delhi Capitals,India
Dhruv Jurel,Rajasthan Royals,India
JO Holder,Rajasthan Royals,West Indies
MG Bracewell,Royal Challengers Bangalore,New Zealand
Anmolpreet Singh,Sunrisers Hyderabad,India
R Shepherd,Lucknow Super Giants,West Indies
MK Pandey,Delhi Capitals,India
AM Rahane,Chennai Super Kings,India
N Jagadeesan,Kolkata Knight Riders,India
MW Short,Punjab Kings,Australia
Mohit Rathee,Punjab Kings,India
JD Unadkat,Lucknow Super Giants,India
YV Dhull,Delhi Capitals,India
A Zampa,Rajasthan Royals,Australia
H Klaasen,Sunrisers Hyderabad,South Africa
Yudhvir Singh,Lucknow Super Giants,India
Atharva Taide,Punjab Kings,India
Harpreet Singh,Punjab Kings,India
WD Parnell,Royal Challengers Bangalore,South Africa
M Markande,Sunrisers Hyderabad,India
JJ Roy,Kolkata Knight Riders,England
Liton Das,Kolkata Knight Riders,Bangladesh
PD Salt,Delhi Capitals,England
JC Archer,Mumbai Indians,England
Vijaykumar Vyshak,Royal Challengers Bangalore,India
Abdul Basith,Rajasthan Royals,India
D Wiese,Kolkata Knight Riders,South Africa
D Wiese,Kolkata Knight Riders,Namibia
Arjun Tendulkar,Mumbai Indians,India
JP Behrendorff,Mumbai Indians,Australia
AJ Hosein,Sunrisers Hyderabad,West Indies
PK Garg,Delhi Capitals,India
A Mishra,Lucknow Super Giants,India
Naveen-ul-Haq,Lucknow Super Giants,India
VG Arora,Kolkata Knight Riders,India
Sandeep Sharma,Rajasthan Royals,India
Swapnil Singh,Lucknow Super Giants,India
TU Deshpande,Chennai Super Kings,India
Vishnu Vinod,Mumbai Indians,India
Noor Ahmad,Gujarat Titans,India
PN Mankad,Lucknow Super Giants,India
JE Root,Rajasthan Royals,England
KM Asif,Rajasthan Royals,India
MD Shanaka,Gujarat Titans,Sri Lanka
Mohammed Shami,Gujarat Titans,India
MM Sharma,Gujarat Titans,India
Sanvir Singh,Sunrisers Hyderabad,India
Vivrant Sharma,Sunrisers Hyderabad,India
DG Nalkande,Gujarat Titans,India
CJ Jordan,Mumbai Indians,England
C Green,Royal Challengers Bangalore,Australia
R Ravindra,Chennai Super Kings,New Zealand
DJ Mitchell,Chennai Super Kings,New Zealand
SD Hope,Delhi Capitals,West Indies
RK Bhui,Delhi Capitals,India
T Stubbs,Delhi Capitals,South Africa
Sumit Kumar,Delhi Capitals,India
Shashank Singh,Punjab Kings,India
PD Salt,Kolkata Knight Riders,England
Ramandeep Singh,Kolkata Knight Riders,India
MA Starc,Kolkata Knight Riders,Australia
Shahbaz Ahmed,Sunrisers Hyderabad,India
PJ Cummins,Sunrisers Hyderabad,Australia
D Padikkal,Lucknow Super Giants,India
Azmatullah Omarzai,Gujarat Titans,India
Naman Dhir,Mumbai Indians,India
G Coetzee,Mumbai Indians,South Africa
SZ Mulani,Mumbai Indians,India
Sameer Rizvi,Chennai Super Kings,India
UT Yadav,Gujarat Titans,India
SH Johnson,Gujarat Titans,Australia
TM Head,Sunrisers Hyderabad,Australia
R Shepherd,Mumbai Indians,West Indies
Akash Madhwal,Mumbai Indians,India
SB Dubey,Rajasthan Royals,India
Mayank Dagar,Royal Challengers Bangalore,India
RJW Topley,Royal Challengers Bangalore,England
A Raghuvanshi,Kolkata Knight Riders,India
Rasikh Salam,Delhi Capitals,India
KS Williamson,Gujarat Titans,New Zealand
Ashutosh Sharma,Punjab Kings,India
Nithish Kumar Reddy,Sunrisers Hyderabad,India
Saurav Chauhan,Royal Challengers Bangalore,India
Kumar Kushagra,Delhi Capitals,India
JA Richardson,Delhi Capitals,Australia
BR Sharath,Gujarat Titans,India
JD Unadkat,Sunrisers Hyderabad,India
M Shahrukh Khan,Gujarat Titans,India
WG Jacks,Royal Challengers Bangalore,England
Arshad Khan,Lucknow Super Giants,Pakistan
J Fraser-McGurk,Delhi Capitals,Australia
Tanush Kotian,Rajasthan Royals,India
R Powell,Rajasthan Royals,West Indies
KA Maharaj,Rajasthan Royals,South Africa
Arshad Khan (2),Lucknow Super Giants,India
Mohammad Nabi,Mumbai Indians,India
RR Rossouw,Punjab Kings,South Africa
HV Patel,Punjab Kings,India
LH Ferguson,Royal Challengers Bangalore,New Zealand
R Sai Kishore,Gujarat Titans,India
Swapnil Singh,Royal Challengers Bangalore,India
L Wood,Mumbai Indians,England
LB Williams,Delhi Capitals,South Africa
AA Kulkarni,Lucknow Super Giants,India
AJ Turner,Lucknow Super Giants,Australia
MJ Suthar,Gujarat Titans,India
RJ Gleeson,Chennai Super Kings,England
Gulbadin Naib,Delhi Capitals,India
D Ferreira,Rajasthan Royals,South Africa
Avesh Khan,Rajasthan Royals,India
A Kamboj,Mumbai Indians,India
T Kohler-Cadmore,Rajasthan Royals,India
Shivam Singh,Punjab Kings,India
V Viyaskanth,Sunrisers Hyderabad,Sri Lanka
Q de Kock,Kolkata Knight Riders,South Africa
SH Johnson,Kolkata Knight Riders,Australia
PD Salt,Royal Challengers Bangalore,England
LS Livingstone,Royal Challengers Bangalore,England
Ishan Kishan,Sunrisers Hyderabad,India
Aniket Verma,Sunrisers Hyderabad,India
A Manohar,Sunrisers Hyderabad,India
N Rana,Rajasthan Royals,India
WG Jacks,Mumbai Indians,England
RD Rickelton,Mumbai Indians,South Africa
R Minz,Mumbai Indians,India
MJ Santner,Mumbai Indians,New Zealand
DL Chahar,Mumbai Indians,India
PVSN Raju,Mumbai Indians,India
RA Tripathi,Chennai Super Kings,India
DJ Hooda,Chennai Super Kings,India
AK Markram,Lucknow Super Giants,South Africa
MR Marsh,Lucknow Super Giants,Australia
RR Pant,Lucknow Super Giants,India
DA Miller,Lucknow Super Giants,South Africa
SN Thakur,Lucknow Super Giants,India
Shahbaz Ahmed,Lucknow Super Giants,India
F du Plessis,Delhi Capitals,South Africa
Sameer Rizvi,Delhi Capitals,India
Ashutosh Sharma,Delhi Capitals,India
V Nigam,Delhi Capitals,India
MA Starc,Delhi Capitals,Australia
MM Sharma,Delhi Capitals,India
Priyansh Arya,Punjab Kings,India
SS Iyer,Punjab Kings,India
Azmatullah Omarzai,Punjab Kings,India
JC Buttler,Gujarat Titans,England
SE Rutherford,Gujarat Titans,West Indies
Arshad Khan,Gujarat Titans,Pakistan
PWH de Silva,Rajasthan Royals,Sri Lanka
M Theekshana,Rajasthan Royals,Sri Lanka
TU Deshpande,Rajasthan Royals,India
MM Ali,Kolkata Knight Riders,England
HV Patel,Sunrisers Hyderabad,India
Mohammed Shami,Sunrisers Hyderabad,India
Simarjeet Singh,Sunrisers Hyderabad,India
Abdul Samad,Lucknow Super Giants,Pakistan
JM Sharma,Royal Challengers Bangalore,India
KH Pandya,Royal Challengers Bangalore,India
B Kumar,Royal Challengers Bangalore,India
Noor Ahmad,Chennai Super Kings,India
K Rabada,Gujarat Titans,South Africa
PWA Mulder,Sunrisers Hyderabad,South Africa
KL Rahul,Delhi Capitals,India
K Kartikeya,Rajasthan Royals,India
V Shankar,Chennai Super Kings,India
J Overton,Chennai Super Kings,England
N Wadhera,Punjab Kings,India
PHKD Mendis,Sunrisers Hyderabad,Sri Lanka
Akash Deep,Lucknow Super Giants,India
Suryansh Shedge,Punjab Kings,India
M Jansen,Punjab Kings,South Africa
LH Ferguson,Punjab Kings,New Zealand
Washington Sundar,Gujarat Titans,India
A Kamboj,Chennai Super Kings,India
SK Rasheed,Chennai Super Kings,India
JP Inglis,Punjab Kings,Australia
XC Bartlett,Punjab Kings,Australia
MS Bhandage,Royal Challengers Bangalore,India
Yash Dayal,Royal Challengers Bangalore,India
D Ferreira,Delhi Capitals,South Africa
V Suryavanshi,Rajasthan Royals,India
A Mhatre,Chennai Super Kings,India
Fazalhaq Farooqi,Rajasthan Royals,India
D Brevis,Chennai Super Kings,South Africa
KK Ahmed,Chennai Super Kings,India
C Bosch,Mumbai Indians,South Africa
Prince Yadav,Lucknow Super Giants,India
DS Rathi,Lucknow Super Giants,India
PVD Chameera,Delhi Capitals,Sri Lanka
JG Bethell,Royal Challengers Bangalore,England
R Powell,Kolkata Knight Riders,West Indies
Akash Madhwal,Rajasthan Royals,India
R Shepherd,Royal Challengers Bangalore,West Indies
KS Rathore,Rajasthan Royals,India
G Coetzee,Gujarat Titans,South Africa
Urvil Patel,Chennai Super Kings,India
MJ Owen,Punjab Kings,Australia
KT Maphaka,Rajasthan Royals,South Africa
Atharva Taide,Sunrisers Hyderabad,India
M Tiwari,Delhi Capitals,India
L Ngidi,Royal Challengers Bangalore,South Africa
Sediqullah Atal,Delhi Capitals,India
Mohammed Siraj,Gujarat Titans,India
MP Breetzke,Lucknow Super Giants,South Africa
Musheer Khan,Punjab Kings,India
KA Jamieson,Punjab Kings,New Zealand
JM Bairstow,Mumbai Indians,England
BKG Mendis,Gujarat Titans,Sri Lanka
RA Bawa,Mumbai Indians,India
P Amarnath,Chennai Super Kings,India
B Geeves,Delhi Capitals,Australia
Gagandeep Singh,Punjab Kings,India
A Nel,Mumbai Indians,South Africa
AM Salvi,Delhi Capitals,India
Anureet Singh,Kolkata Knight Riders,India
RR Bose,Punjab Kings,India
SS Sarkar,Kolkata Knight Riders,India
RA Shaikh,Mumbai Indians,India
NLTC Perera,Chennai Super Kings,Sri Lanka
C Ganapathy,Chennai Super Kings,India
MB Parmar,Kolkata Knight Riders,India
SB Wagh,Rajasthan Royals,India
JD Unadkat,Kolkata Knight Riders,India
ND Doshi,Royal Challengers Bangalore,India
S Ladda,Kolkata Knight Riders,India
TG Southee,Chennai Super Kings,New Zealand
DP Nannes,Royal Challengers Bangalore,Netherlands
DP Nannes,Royal Challengers Bangalore,Australia
Kamran Khan,Rising Pune Supergiants,India
AA Kazi,Royal Challengers Bangalore,India
Anand Rajan,Deccan Chargers,India
P Prasanth,Kochi Tuskers Kerala,India
JP Faulkner,Rising Pune Supergiants,Australia
SS Mundhe,Rising Pune Supergiants,India
RW Price,Mumbai Indians,Zimbabwe
M de Lange,Kolkata Knight Riders,South Africa
TP Sudhindra,Deccan Chargers,India
VY Mahesh,Chennai Super Kings,India
R Shukla,Mumbai Indians,India
BW Hilfenhaus,Chennai Super Kings,Australia
JDP Oram,Mumbai Indians,New Zealand
I Sharma,Sunrisers Hyderabad,India
S Badree,Rajasthan Royals,West Indies
DP Nannes,Chennai Super Kings,Netherlands
DP Nannes,Chennai Super Kings,Australia
Ankit Sharma,Sunrisers Hyderabad,India
RP Singh,Royal Challengers Bangalore,India
Harmeet Singh,Rajasthan Royals,India
Anand Rajan,Sunrisers Hyderabad,India
JO Holder,Chennai Super Kings,West Indies
YS Chahal,Mumbai Indians,India
P Suyal,Mumbai Indians,India
MG Neser,Punjab Kings,Australia
R Sharma,Delhi Capitals,India
M Kartik,Punjab Kings,India
IC Pandey,Chennai Super Kings,India
Iqbal Abdulla,Rajasthan Royals,India
S Badree,Chennai Super Kings,West Indies
K Santokie,Mumbai Indians,West Indies
JW Hastings,Chennai Super Kings,Australia
SB Jakati,Royal Challengers Bangalore,India
TA Boult,Sunrisers Hyderabad,New Zealand
GS Sandhu,Delhi Capitals,Australia
BB Sran,Rajasthan Royals,India
RP Singh,Rising Pune Supergiants,India
I Sharma,Rising Pune Supergiants,India
JW Hastings,Kolkata Knight Riders,Australia
S Ladda,Gujarat Lions,India
Mustafizur Rahman,Sunrisers Hyderabad,Bangladesh
T Shamsi,Royal Challengers Bangalore,South Africa
SM Boland,Rising Pune Supergiants,Australia
MS Gony,Gujarat Lions,India
T Natarajan,Punjab Kings,India
B Stanlake,Royal Challengers Bangalore,Australia
Tejas Baroka,Gujarat Lions,India
Mohammed Siraj,Sunrisers Hyderabad,India
SS Agarwal,Gujarat Lions,India
NB Singh,Gujarat Lions,India
MJ Henry,Punjab Kings,New Zealand
Avesh Khan,Royal Challengers Bangalore,India
K Khejroliya,Royal Challengers Bangalore,India
KV Sharma,Chennai Super Kings,India
L Ngidi,Chennai Super Kings,South Africa
KM Asif,Chennai Super Kings,India
DJ Willey,Chennai Super Kings,England
CJ Dala,Delhi Capitals,South Africa
CV Varun,Punjab Kings,India
SC Kuggeleijn,Chennai Super Kings,New Zealand
S Midhun,Rajasthan Royals,India
O Thomas,Rajasthan Royals,West Indies
AS Roy,Mumbai Indians,India
S Sandeep Warrier,Kolkata Knight Riders,India
PP Chawla,Chennai Super Kings,India
JR Hazlewood,Chennai Super Kings,Australia
A Zampa,Royal Challengers Bangalore,Australia
CJ Green,Kolkata Knight Riders,Australia
Monu Kumar,Chennai Super Kings,India
RP Meredith,Punjab Kings,Australia
LI Meriwala,Delhi Capitals,India
Jalaj S Saxena,Punjab Kings,India
IC Porel,Punjab Kings,India
AU Rashid,Punjab Kings,England
Akash Singh,Rajasthan Royals,India
M Markande,Rajasthan Royals,India
AF Milne,Chennai Super Kings,New Zealand
KL Nagarkoti,Delhi Capitals,India
Basil Thampi,Mumbai Indians,India
VR Aaron,Gujarat Titans,India
AJ Tye,Lucknow Super Giants,Australia
PH Solanki,Chennai Super Kings,India
M Pathirana,Chennai Super Kings,Sri Lanka
S Kaul,Royal Challengers Bangalore,India
J Little,Gujarat Titans,Ireland
RS Hangargekar,Chennai Super Kings,India
NA Saini,Rajasthan Royals,India
Yash Thakur,Lucknow Super Giants,India
Suyash Sharma,Kolkata Knight Riders,India
M Ashwin,Rajasthan Royals,India
SSB Magala,Chennai Super Kings,South Africa
Akash Singh,Chennai Super Kings,India
D Jansen,Mumbai Indians,India
K Khejroliya,Kolkata Knight Riders,India
Mayank Dagar,Sunrisers Hyderabad,India
J Yadav,Gujarat Titans,India
Gurnoor Brar,Punjab Kings,India
R Goyal,Mumbai Indians,India
H Sharma,Royal Challengers Bangalore,India
Mustafizur Rahman,Chennai Super Kings,Bangladesh
AS Joseph,Royal Challengers Bangalore,West Indies
N Burger,Rajasthan Royals,South Africa
KT Maphaka,Mumbai Indians,South Africa
M Siddharth,Lucknow Super Giants,India
MP Yadav,Lucknow Super Giants,India
S Joseph,Lucknow Super Giants,West Indies
S Sandeep Warrier,Gujarat Titans,India
MJ Henry,Lucknow Super Giants,New Zealand
N Thushara,Mumbai Indians,Sri Lanka
PVD Chameera,Kolkata Knight Riders,Sri Lanka
V Kaverappa,Punjab Kings,India
Kartik Tyagi,Gujarat Titans,India
Rasikh Salam,Royal Challengers Bangalore,India
Suyash Sharma,Royal Challengers Bangalore,India
A Zampa,Sunrisers Hyderabad,Australia
NT Ellis,Chennai Super Kings,Australia
V Puthur,Mumbai Indians,India
M Prasidh Krishna,Gujarat Titans,India
YS Chahal,Punjab Kings,India
Vijaykumar Vyshak,Punjab Kings,India
Mujeeb Ur Rahman,Mumbai Indians,India
I Sharma,Gujarat Titans,India
Zeeshan Ansari,Sunrisers Hyderabad,India
Ashwani Kumar,Mumbai Indians,India
Yudhvir Singh,Rajasthan Royals,India
Yash Thakur,Punjab Kings,India
K Khejroliya,Gujarat Titans,India
E Malinga,Sunrisers Hyderabad,Sri Lanka
A Nortje,Kolkata Knight Riders,South Africa
RD Chahar,Sunrisers Hyderabad,India
C Sakariya,Kolkata Knight Riders,India
Karim Janat,Gujarat Titans,India
Akash Singh,Lucknow Super Giants,India
T Natarajan,Delhi Capitals,India
Harsh Dubey,Sunrisers Hyderabad,India
W O'Rourke,Lucknow Super Giants,New Zealand
P Dubey,Punjab Kings,India
N Thushara,Royal Challengers Bangalore,Sri Lanka
RJ Gleeson,Mumbai Indians,England
RJW Topley,Mumbai Indians,England
KH Devdhar,Deccan Chargers,India
T Mishra,Deccan Chargers,India
AR Patel,Mumbai Indians,India
AV Wankhade,Mumbai Indians,India
B Aparajith,Chennai Super Kings,India
R Dhawan,Kolkata Knight Riders,India
Milind Kumar,Royal Challengers Bangalore,India
J Suchith,Punjab Kings,India
K Gowtham,Chennai Super Kings,India
KK Nair,Kolkata Knight Riders,India
KS Bharat,Gujarat Titans,India
DR Sams,Lucknow Super Giants,Australia
Sonu Yadav,Royal Challengers Bangalore,India
Shivam Mavi,Gujarat Titans,India
Subhransu Senapati,Chennai Super Kings,India
Tanay Thyagarajan,Punjab Kings,India
T Vijay,Delhi Capitals,India
MK Lomror,Gujarat Titans,India
Ashok Sharma,Rajasthan Royals,India
Himmat Singh,Lucknow Super Giants,India
